<?xml version="1.0" encoding="UTF-8"?>
<project-private xmlns="http://www.netbeans.org/ns/project-private/1">
    <editor-bookmarks xmlns="http://www.netbeans.org/ns/editor-bookmarks/2" lastBookmarkId="0"/>
    <open-files xmlns="http://www.netbeans.org/ns/projectui-open-files/2">
        <group>
            <file>file:/D:/Java/Projects/1/Bank%20Management%20System/src/bank/management/system/Deposit.java</file>
            <file>file:/D:/Java/Projects/1/Bank%20Management%20System/src/bank/management/system/SignUpTwo.java</file>
            <file>file:/D:/Java/Projects/1/Bank%20Management%20System/src/bank/management/system/Conn.java</file>
            <file>file:/D:/Java/Projects/1/Bank%20Management%20System/src/bank/management/system/miniStatement.java</file>
            <file>file:/D:/Java/Projects/1/Bank%20Management%20System/src/bank/management/system/SignupThree.java</file>
            <file>file:/D:/Java/Projects/1/Bank%20Management%20System/src/bank/management/system/Withdrawl.java</file>
            <file>file:/D:/Java/Projects/1/Bank%20Management%20System/src/bank/management/system/SignupOne.java</file>
            <file>file:/D:/Java/Projects/1/Bank%20Management%20System/src/bank/management/system/Login.java</file>
            <file>file:/D:/Java/Projects/1/Bank%20Management%20System/src/bank/management/system/Transaction.java</file>
            <file>file:/D:/Java/Projects/1/Bank%20Management%20System/src/bank/management/system/FastCash.java</file>
            <file>file:/D:/Java/Projects/1/Bank%20Management%20System/src/bank/management/system/BalanceEnquiry.java</file>
            <file>file:/D:/Java/Projects/1/Bank%20Management%20System/src/bank/management/system/PinChange.java</file>
        </group>
    </open-files>
</project-private>
